{"lr": 2.5863685344827587e-05, "data_time": 5.9207848072052, "loss": 2.6902637004852297, "loss_cls": 2.025707459449768, "loss_bbox": 0.6645562171936035, "time": 6.786331844329834, "epoch": 1, "memory": 1530, "step": 5}
{"lr": 6.465640086206897e-05, "data_time": 2.7873274196277964, "loss": 2.7062333713878286, "loss_cls": 2.0559078454971313, "loss_bbox": 0.650325520472093, "time": 3.298617189580744, "epoch": 2, "memory": 1530, "step": 11}
{"lr": 0.00010344911637931034, "data_time": 1.8778533935546875, "loss": 2.715152053272023, "loss_cls": 2.071575732792125, "loss_bbox": 0.64357630294912, "time": 2.2878117982079003, "epoch": 3, "memory": 1537, "step": 17}
{"lr": 0.00014224183189655168, "data_time": 1.4344166050786558, "loss": 2.703019038490627, "loss_cls": 2.05948413454968, "loss_bbox": 0.6435348909834157, "time": 1.7903858164082402, "epoch": 4, "memory": 1533, "step": 23}
{"lr": 0.000181034547413793, "data_time": 1.1732952841396989, "loss": 2.694693014539521, "loss_cls": 2.0532382849989266, "loss_bbox": 0.6414547151532667, "time": 1.5015815537551354, "epoch": 5, "memory": 1531, "step": 29}
{"lr": 0.0001874999999999999, "data_time": 1.0014525617871965, "loss": 2.6959126813071115, "loss_cls": 2.067917490005493, "loss_bbox": 0.6279951810836792, "time": 1.3075535706111363, "epoch": 6, "memory": 1528, "step": 35}
{"lr": 0.0001874999999999999, "data_time": 0.8787760153049375, "loss": 2.689437639422533, "loss_cls": 2.084119337361033, "loss_bbox": 0.6053182962464123, "time": 1.1695938517407674, "epoch": 7, "memory": 1528, "step": 41}
{"lr": 0.0001874999999999999, "data_time": 0.789737676052337, "loss": 2.6691755031017546, "loss_cls": 2.0848157710217414, "loss_bbox": 0.5843597244709096, "time": 1.0687685317181526, "epoch": 8, "memory": 1531, "step": 47}
{"lr": 0.0001874999999999999, "data_time": 0.17502389430999757, "loss": 2.6150496292114256, "loss_cls": 2.0517862033843994, "loss_bbox": 0.5632634150981903, "time": 0.3824727487564087, "epoch": 9, "memory": 1538, "step": 53}
{"lr": 0.0001874999999999999, "data_time": 0.17639477729797362, "loss": 2.5315624713897704, "loss_cls": 1.9980711722373963, "loss_bbox": 0.5334912902116775, "time": 0.38595999240875245, "epoch": 10, "memory": 1548, "step": 59}
{"coco/bbox_mAP": 0.309, "coco/bbox_mAP_50": 0.435, "coco/bbox_mAP_75": 0.329, "coco/bbox_mAP_s": 0.0, "coco/bbox_mAP_m": 0.034, "coco/bbox_mAP_l": 0.412, "data_time": 3.001663299707266, "time": 3.0596615901360145, "step": 10}
{"lr": 0.0001874999999999999, "data_time": 0.17669181346893312, "loss": 2.4134871196746825, "loss_cls": 1.90147136926651, "loss_bbox": 0.5120157438516617, "time": 0.38647338390350344, "epoch": 11, "memory": 1530, "step": 65}
{"lr": 0.0001874999999999999, "data_time": 0.18527105808258057, "loss": 2.271444125175476, "loss_cls": 1.778928165435791, "loss_bbox": 0.4925159519910812, "time": 0.3992532968521118, "epoch": 12, "memory": 1552, "step": 71}
{"lr": 0.0001874999999999999, "data_time": 0.18671497821807861, "loss": 2.0980130791664124, "loss_cls": 1.6358600318431855, "loss_bbox": 0.4621530431509018, "time": 0.39727330207824707, "epoch": 13, "memory": 1528, "step": 77}
{"lr": 0.0001874999999999999, "data_time": 0.19085476875305177, "loss": 1.9206396400928498, "loss_cls": 1.4865705144405366, "loss_bbox": 0.4340691208839417, "time": 0.40398942470550536, "epoch": 14, "memory": 1535, "step": 83}
{"lr": 0.0001874999999999999, "data_time": 0.19579314231872558, "loss": 1.8287984132766724, "loss_cls": 1.4101605129241943, "loss_bbox": 0.41863789439201354, "time": 0.412058687210083, "epoch": 15, "memory": 1551, "step": 89}
{"lr": 0.0001874999999999999, "data_time": 0.195575532913208, "loss": 1.6450660395622254, "loss_cls": 1.2368797373771667, "loss_bbox": 0.40818629920482635, "time": 0.413547682762146, "epoch": 16, "memory": 1532, "step": 95}
{"lr": 0.0001874999999999999, "data_time": 0.19211796283721924, "loss": 1.4919611239433288, "loss_cls": 1.0983523470163346, "loss_bbox": 0.39360877335071565, "time": 0.41529510021209715, "epoch": 17, "memory": 1535, "step": 101}
{"lr": 0.0001874999999999999, "data_time": 0.19774808883666992, "loss": 1.3675746238231659, "loss_cls": 0.9794367653131485, "loss_bbox": 0.38813785433769227, "time": 0.41952861785888673, "epoch": 18, "memory": 1533, "step": 107}
{"lr": 0.0001874999999999999, "data_time": 0.196634202003479, "loss": 1.2528898930549621, "loss_cls": 0.8789555719494819, "loss_bbox": 0.37393431782722475, "time": 0.41655616760253905, "epoch": 19, "memory": 1532, "step": 113}
{"lr": 0.0001874999999999999, "data_time": 0.1851436948776245, "loss": 1.176892066001892, "loss_cls": 0.821659370958805, "loss_bbox": 0.3552326947450638, "time": 0.40285290241241456, "epoch": 20, "memory": 1566, "step": 119}
{"coco/bbox_mAP": 0.625, "coco/bbox_mAP_50": 0.789, "coco/bbox_mAP_75": 0.726, "coco/bbox_mAP_s": 0.0, "coco/bbox_mAP_m": 0.452, "coco/bbox_mAP_l": 0.715, "data_time": 1.5029324476535504, "time": 1.5465078904078557, "step": 20}
{"lr": 0.00018701210630623673, "data_time": 0.18083391666412355, "loss": 1.1536634302139281, "loss_cls": 0.8019838085770608, "loss_bbox": 0.3516796201467514, "time": 0.4022643947601318, "epoch": 21, "memory": 1525, "step": 125}
{"lr": 0.00018446526890387004, "data_time": 0.17923219203948976, "loss": 1.0941413414478303, "loss_cls": 0.7518203744292259, "loss_bbox": 0.3423209634423256, "time": 0.39683478832244873, "epoch": 22, "memory": 1532, "step": 131}
{"lr": 0.00017980014232129403, "data_time": 0.17833744525909423, "loss": 0.9783026778697967, "loss_cls": 0.6439397552609444, "loss_bbox": 0.3343629214167595, "time": 0.3933839702606201, "epoch": 23, "memory": 1530, "step": 137}
{"lr": 0.00017313159745763925, "data_time": 0.17510124206542968, "loss": 0.9431387877464295, "loss_cls": 0.6139329013228416, "loss_bbox": 0.32920588195323947, "time": 0.3855749130249023, "epoch": 24, "memory": 1526, "step": 143}
{"lr": 0.00016462383601908038, "data_time": 0.17437225818634033, "loss": 0.8976759433746337, "loss_cls": 0.5797690930962562, "loss_bbox": 0.3179068461060524, "time": 0.3806955814361572, "epoch": 25, "memory": 1524, "step": 149}
{"lr": 0.0001544863473278761, "data_time": 0.1670874547958374, "loss": 0.8819482159614563, "loss_cls": 0.563886042535305, "loss_bbox": 0.31806216925382613, "time": 0.37053269386291504, "epoch": 26, "memory": 1533, "step": 155}
{"lr": 0.00014296874999999998, "data_time": 0.16866350173950195, "loss": 0.883474657535553, "loss_cls": 0.5713148635625839, "loss_bbox": 0.31215978905558583, "time": 0.3726603889465332, "epoch": 27, "memory": 1528, "step": 161}
{"lr": 0.0001303546455063783, "data_time": 0.1762494945526123, "loss": 0.867992970943451, "loss_cls": 0.5592683386802674, "loss_bbox": 0.30872462794184685, "time": 0.38030598163604734, "epoch": 28, "memory": 1536, "step": 167}
{"lr": 0.00011695463496345667, "data_time": 0.1841745615005493, "loss": 1.032751017808914, "loss_cls": 0.7004594963788986, "loss_bbox": 0.3322915260493755, "time": 0.38385589599609377, "epoch": 29, "memory": 1532, "step": 173}
{"lr": 0.00010309867110288716, "data_time": 0.1806545686721802, "loss": 1.0134598004817963, "loss_cls": 0.6901800280809403, "loss_bbox": 0.323279774338007, "time": 0.38459821701049807, "epoch": 30, "memory": 1535, "step": 179}
{"coco/bbox_mAP": 0.687, "coco/bbox_mAP_50": 0.82, "coco/bbox_mAP_75": 0.784, "coco/bbox_mAP_s": 0.0, "coco/bbox_mAP_m": 0.427, "coco/bbox_mAP_l": 0.801, "data_time": 1.0033358793992262, "time": 1.0422316697927623, "step": 30}
{"lr": 8.912793374022463e-05, "data_time": 0.17892472743988036, "loss": 1.0128490006923676, "loss_cls": 0.6924016612768173, "loss_bbox": 0.32044734224677085, "time": 0.3881169033050537, "epoch": 31, "memory": 1538, "step": 185}
{"lr": 7.538642879555673e-05, "data_time": 0.18252163887023926, "loss": 1.0070249223709107, "loss_cls": 0.6904321557283402, "loss_bbox": 0.31659277245402334, "time": 0.39285165786743165, "epoch": 32, "memory": 1524, "step": 191}
{"lr": 6.221251772606155e-05,